celular_pk,nombre,incial,apellido_paterno,apellido_materno,linea_1,linea_2,ciudad,pais,zipcode
5617681024,Brnaby,O,Fillery,McLleese,385 Dwight Point,13th Floor,Nanganumba,Indonesia,
3473138801,Tod,W,Pecht,Maw,05075 Anthes Parkway,10th Floor,Santiago,Paraguay,
7023396770,Adore,X,Giannasi,Reddy,2 Hagan Way,PO Box 69600,Wulijie,China,
3721175582,Dexter,Q,Raincin,Huby,67 Hintze Way,PO Box 43433,Hane,Indonesia,
1431663156,Biddie,H,Lack,Housego,9 Mallory Crossing,PO Box 12032,Guardizela,Portugal,4765-405
4886235306,Nicky,U,Mephan,Danis,1 Mockingbird Alley,Suite 42,Skrunda,Latvia,
9072928239,Cammi,J,Myall,Hearle,41036 8th Drive,Room 1799,Raszowa,Poland,47-232
8559945267,Padraig,V,Renzini,Vuitton,8382 Warbler Alley,Suite 39,VÃ¤rnamo,Sweden,331 43
7409827935,Franny,X,Biskupek,Bails,503 Jackson Way,PO Box 42419,Pattani,Thailand,57000
7578707354,Brittni,V,Randerson,Sawdon,5654 Karstens Parkway,PO Box 31666,Rendui,China,
